created_at,text
2015-09-18 11:13:57 +0000,@DCwatch16 Thanks for your support.
2015-09-17 23:05:16 +0000,"We should not end birthright citizenship, https://t.co/w3xS3tMfDh. #ConstitutionDay"
2015-09-17 15:48:18 +0000,The economy must grow and we have an answer...http://t.co/mOMT4AdkZx
2015-09-17 03:12:28 +0000,"With proper leadership we will restore our military and our economy #GOPDebate 
http://t.co/HTviBCwDRu"
2015-09-17 02:59:21 +0000,My pick for a woman on $10 bill - Mary Ludwig Hays - also known as Molly Pitcher - https://t.co/AOxiSlcpAH
2015-09-17 02:56:00 +0000,Thanks @DeirdreBolton for the time on your show today @foxbusiness - view it here http://t.co/UxNMkDxOEH
2015-09-17 02:27:36 +0000,Jeb Bush's defense of John Roberts shows he is out of touch. #CNNDebate #GOPDebate
2015-09-17 01:45:22 +0000,Gov. Walker does not understand how wages go up.
2015-09-17 01:44:59 +0000,#GOPDebate needs to discuss how you really grow the economy to create jobs.  #thegrowthcode     http://t.co/HTviBCwDRu
2015-09-17 01:41:02 +0000,Let's have a tax reform that will grow the economy and Wages! https://t.co/XacdaD5BIP #GOPDebate
2015-09-17 01:35:05 +0000,American people really don't care about the failings of Trump and Fiorina business dealings.
2015-09-17 01:28:05 +0000,Trump doesn't understand the Constitution or birthright citizenship - https://t.co/w3xS3tMfDh  #GOPDebate
2015-09-17 01:15:30 +0000,Ducking the tough question @jaketapper is asking....Dr. Carson waffles.
2015-09-17 01:06:30 +0000,Not one candidate on the debate stage has military experience and it shows. #GOPDebate
2015-09-17 00:55:57 +0000,Huckabee calls for disobedience of the law.
2015-09-17 00:52:01 +0000,Iran agreement makes the future more difficult.  Experience is needed now more more than ever....http://t.co/qxRo7jF165  #GOPDebate
2015-09-17 00:50:30 +0000,Regarding Rand Paul - inaction is not a foreign policy.   #GOPDebate
2015-09-17 00:39:57 +0000,We need a NEW Middle East NATO to attack ISIS and control the Russian incursion in Syria. #GOPDebate
2015-09-17 00:33:40 +0000,Did Trump try to buy Jeb Bush?  #GOPDebate
2015-09-17 00:32:16 +0000,#GOPDebate so far all process and nothing to tweet about....www.gilmoreforamerica.com
2015-09-17 00:29:18 +0000,So far everything is about the candidates and not about the challenges facing America.
2015-09-17 00:24:03 +0000,Trump's mocking expressions show him to be truly not Presidential.
2015-09-17 00:21:34 +0000,Fiorina ducked the question.
2015-09-16 23:32:19 +0000,New aggression by Russia is world's greatest danger #gopdebate
2015-09-16 23:28:35 +0000,Proper Presidential leadership would make a military strike on Iran unneccesary.
2015-09-16 23:19:43 +0000,Gilmore Plan is for better jobs and higher wages - restore our economy now - http://t.co/Cs2YFjiEfU
2015-09-16 23:16:18 +0000,The Growth Code tax reform plan does not eliminate the mortgage deduction! http://t.co/Cs2YFjiEfU
2015-09-16 23:02:23 +0000,If Santorum becomes president he will have to obey the law to.
2015-09-16 23:00:49 +0000,Sen. Santorum position makes no sense.
2015-09-16 22:41:13 +0000,Gov. Pataki dodged the Birthright Citizenship issue.  I don't.
2015-09-16 22:36:44 +0000,My immigration plan does not include a path to citizenship for illegal immigrants - http://t.co/Oq6K7ZBcKX
2015-09-16 22:32:31 +0000,Sen. Graham is wrong about sending tens of thousands of troops into Syria and Iraq.
2015-09-16 22:30:42 +0000,Debate so far is about the wrong things.
2015-09-16 21:22:30 +0000,.@foxbusiness right now. Tune in.
2015-09-15 20:49:23 +0000,Thanks for the mention about the Growth Code this morning. https://t.co/btRX8hjHKo
2015-09-15 18:10:52 +0000,Currently reading http://t.co/MQxImXhaj0
2015-09-15 15:58:34 +0000,Good time this weekend in NH: GOP Women's Chili Fest in Stratham | New Hampshire  https://t.co/pQUrxnrHIx via @sharethis
2015-09-14 16:18:51 +0000,My Tax Reform #TheGrowthCode - @GroverNorquist explains this simple and effective plan to grow US economy - http://t.co/mOMT4AdkZx
2015-09-13 14:56:11 +0000,"On the way to Pembroke, New Hampshire today - speaking this afternoon. 2-4pm Cornerstone Family Gathering https://t.co/akqg1zkMVe…"
2015-09-12 11:16:54 +0000,On my way to New Hampshire for the 9th time this year - http://t.co/HTviBCwDRu
2015-09-12 02:44:25 +0000,Gov. Gilmore on challenges of accepting Syrian refugees http://t.co/f7M2PBkRLL
2015-09-12 02:02:08 +0000,"@KylarNicholasGr Thanks for your good wishes, Kylar."
2015-09-11 22:32:29 +0000,I like Rick Perry. We have liked his team. He has all my good wishes.
2015-09-11 21:46:16 +0000,Going on @foxbusiness right now. Tune in.
2015-09-11 20:34:50 +0000,.@teamcavuto good time again on the show. http://t.co/3DF9rbFTKm
2015-09-11 14:02:10 +0000,"Today we honor the victims, the survivors, and the heroes of that tragic day 14 years ago.   #NeverForget911"
2015-09-11 13:10:26 +0000,Listen live - http://t.co/8Zk4ylGNuE - remembering 9/11 first responders and paying tribute to the victims of that tragic day. #neverforget
2015-09-10 00:07:02 +0000,On with @chrislhayes on @MSNBC now. #StopIranDeal
2015-09-10 00:00:34 +0000,@SpkUpSavAmerica Thank you.
2015-09-09 22:55:14 +0000,. @chrislhayes looking forward to being on your @msnbc show tonight discussing Iran Deal - http://t.co/kgkXpEOW7v new Mideast NATO
2015-09-09 21:38:32 +0000,Today's Rally - Thanks @cspan for being there - http://t.co/JdUixLjwSw
2015-09-09 18:02:24 +0000,Great turnout. #stoptheirandeal thank you all Patriots of America. http://t.co/De8UVjMZDJ
2015-09-09 13:14:30 +0000,Great time on WNIS radio this morning w/ Tony Macrini discussing 2016 politics and foreign  policy  https://t.co/jIloVRwoTr
2015-09-08 20:38:41 +0000,Join me tomorrow on Capitol Hill to #stoptheirandeal - http://t.co/n1K3kfkmuW
2015-09-07 11:35:44 +0000,Editorial: Gilmore would wipe out Trump in debate http://t.co/dMNLHfRend via @richmonddotcom
2015-09-05 18:32:36 +0000,Party crashers could take attention off Cruz-Trump show http://t.co/wxQhlCcNUR
2015-09-05 14:24:12 +0000,Listen in today at 12:30 ET to my interview on Don Smith Radio - listen live at http://t.co/FsvOS5TImq talking about the Iran Deal and GOP.
2015-09-04 17:42:22 +0000,"Headed to Virginia Beach today? tune in to @stevebatton
Hampton Roads radio! Now 3-6 pm on Freedom 1110. listen @ http://t.co/D2W7IDQ0ND"
2015-09-04 13:02:02 +0000,Today at 10am ET I'll be on KTTH 770am in Seattle w/ Dave Boze - listen online http://t.co/gj9I3X9qmz
2015-09-03 21:50:05 +0000,"That is the wrong direction. We should not end birthright citizenship, https://t.co/w3xS3tMfDh.  https://t.co/aE0pig4xDr"
2015-09-03 20:17:22 +0000,@KylarNicholasGr Thank you for taking the time to learn about the candidates and the issues. Enjoy your first election season.
2015-09-03 16:55:01 +0000,Speaker Boehner &amp; Maj.Leader McConnell's failed leadership torpedoed opposition to the Iran deal.Fire them both! #FireBoehner #FireMcConnell
2015-09-03 14:08:21 +0000,Jim Gilmore: Alive and Kicking http://t.co/bdm4ZOySFE
2015-09-03 01:31:17 +0000,@mck72ee Thanks for your advice. We're working on it.
2015-09-03 01:29:07 +0000,"@KylarNicholasGr Kylar, you can learn about my plan for growing the economy, securing our country, and more, http://t.co/lX8i2Pdmb9. Thanks!"
2015-09-02 20:48:08 +0000,"Read my positions on the major issues of this campaign: economic growth, security, health care, immigration, http://t.co/lX8i2PuXzJ."
2015-09-02 20:29:52 +0000,"@GrahamDavidA Here you go, http://t.co/SoyWb2ygQP."
2015-09-01 18:39:06 +0000,"Gov. Christie, Gov. Walker, Dr. Carson with their spaghetti on the wall crazy ideas = #notreadytolead"
2015-08-31 17:34:16 +0000,.@JrzyJoePiscopo great time on your show this morning discussing 2016 politics.  http://t.co/inKGglCMrs
2015-08-31 10:52:12 +0000,Will Join Joe Piscopo this morning at 7:40am ET on @am970TheAnswer
2015-08-30 02:28:41 +0000,Gilmore seeks ‘mano a mano’ debate with Trump http://t.co/esZi4UYn4o via @richmonddotcom
2015-08-29 14:16:57 +0000,Roxane and I in Petersburg today @ http://t.co/rV65yPTboo  “Boots on the Ground Soiree” Fundraiser for @BatterseaFdn @AWF_Official 2pm
2015-08-28 15:58:50 +0000,.@realDonaldTrump I challenge you to a debate Mano a Mano on your wrong-headed view of the 14th Amendment
2015-08-28 13:57:39 +0000,Correction: Tune in @CNN I will be on with @PoppyHarlowCNN around 10:05am.
2015-08-28 13:31:30 +0000,Tune in @CNN at 10am this morning. I'm going  to discuss issues of the day with Carol Costello.
2015-08-27 23:41:21 +0000,Jim Gilmore: 'Absolutely Wrong' For Dems to Politicize Va. Shooting http://t.co/Zhg50S6K44 #Newsmax via @Newsmax_Media
2015-08-27 14:51:22 +0000,"I signed it in '93, '97, and '08.  Promises Made.  Promises Kept. Thanks for your leadership @GroverNorquist https://t.co/JuXiBvTT2x"
2015-08-27 13:31:56 +0000,About to go on @foxnews on America's Newsroom with Martha MacCallum
2015-08-26 19:17:49 +0000,@RDewing07 Ha! Thanks.
2015-08-26 18:55:48 +0000,@ransomleif Thank you!
2015-08-26 18:33:00 +0000,"@hillarysusans Thank you, Hillary! I'm honored."
2015-08-25 22:59:59 +0000,"The Clintons ""...too often co-author their dramas by obfuscating and tolerating conflicts of interest..."" #Indeed  https://t.co/NMwc8FMV6d"
2015-08-25 22:17:24 +0000,Listen to my message to bring back our economic growth on Federalist Radio - @FDRLST - http://t.co/6QLrZ9X7vw
2015-08-25 22:12:14 +0000,"@rodkevo Thank you, sir!"
2015-08-25 21:22:19 +0000,"@rodkevo Wishes come true, http://t.co/lX8i2PuXzJ."
2015-08-25 19:37:54 +0000,".@hereandnow Trump does not speak for republicans on immigration or any other issue. There are more views in GOP, https://t.co/w3xS3tMfDh."
2015-08-25 18:49:26 +0000,.@realDonaldTrump should be talking about issues that face America instead of calling @megynkelly names.....http://t.co/lX8i2PuXzJ
2015-08-24 21:25:10 +0000,@MainSt4Growth Thanks!
2015-08-24 21:16:11 +0000,"I don't support abuse of the system, but I also don't support repealing the 14th amendment, https://t.co/w3xS3tMfDh https://t.co/iZwAxeDpzo"
2015-08-24 14:39:22 +0000,"""My Plan for Economic Growth:  Start by simplifying our tax code"" by @Gov_Gilmore on @LinkedIn https://t.co/qfvsZlzmcW"
2015-08-23 13:27:44 +0000,"Please read my new posts on economic growth, tax reform, #immigration, https://t.co/QkYeh3R9OM. Comment/share to let me know what you think."
2015-08-22 22:52:33 +0000,"Enjoyed today's @CNN appearance talking with @PoppyHarlowCNN about #immigration and 2016 politics, http://t.co/2TSWAkeo2H. #14thamendment"
2015-08-22 17:26:43 +0000,Update on @CNN appearance - will now be on during 4pm hour this afternoon discussing #14thamendment and 2016 poltiics.
2015-08-22 15:32:03 +0000,"Great talking with you, Bryce. Keep up the good work! https://t.co/f3cKCc9WRE"
2015-08-22 15:18:06 +0000,"Grow more businesses, create more jobs, give young people more opportunities. Start by reforming our tax code, https://t.co/8ZgbSPDK0T."
2015-08-22 15:15:51 +0000,This afternoon @CNN during 3pm ET hour w/ @PoppyHarlowCNN
2015-08-22 15:03:53 +0000,Going on now with Bryce Robins listen now http://t.co/GNUgmMfoe3
2015-08-21 23:44:11 +0000,".@RATECoalition @taxfoundation I support a 15% rate on all business income, https://t.co/8ZgbSPm99l. #TaxReform #Jobs"
2015-08-21 21:26:53 +0000,"While you are waiting for 4 weeks check out my Growth Code proposal, https://t.co/8ZgbSPDK0T. https://t.co/I0P40p753v"
2015-08-21 20:12:53 +0000,"Read my plan for achieving sustainable economic growth for ALL. It starts with simplifying our tax code, https://t.co/8ZgbSPm99l."
2015-08-21 19:00:57 +0000,Gilmore moves up in Wisconsin Presidential Poll ahead of Kasich &amp; Perry...LUNCHTIME POLITICS: Wisconsin Presidential  http://t.co/G3phFxzH50
2015-08-21 18:51:54 +0000,Pls read my @Medium post on why we should not repeal 14th amendment and what we should do about illegal #immigration https://t.co/w3xS3tMfDh
2015-08-21 16:16:43 +0000,"Saturday Aug. 22 at 11am ET I'll be on  ""Opinion Nation w/ Bryce Robins"" by @K98Talk via @spreaker https://t.co/X0Pcdces5B"
2015-08-21 15:37:21 +0000,@GarrisonRadio @93wibc Thank you!
2015-08-20 17:26:47 +0000,"3 brackets for individuals:10% / 15% / 25%. 15% rate on all business income. Read more, http://t.co/CEekcQZA0V. https://t.co/aiIjKkYJ5w"
2015-08-20 16:59:48 +0000,"Exactly: ""we should not be advocating...throwing away fundamental rights because some may abuse them"" https://t.co/udfPjKMyxR"
2015-08-20 01:59:16 +0000,Going on @CNN at 10pm ET. Tune in if you can. http://t.co/JuevJwINR7
2015-08-19 16:14:26 +0000,"Watch why I think Trump &amp; Walker are wrong on #birthrightcitizenship
http://t.co/Th5kT0MCgO"
2015-08-19 15:24:17 +0000,Appoint a Special Prosecutor to investigate Hillary's flagrant misuse of classified info. Obama's DoJ can't be trusted to enforce the law.
2015-08-19 14:36:19 +0000,@snowmassdog @RitaCosby Thank you!
2015-08-19 13:51:37 +0000,"Trump's understanding of our constitutional system hasn't yet risen to the 3rd grade level. He's not just wrong, but dangerously WRONG."
2015-08-19 13:18:26 +0000,"Hillary: ""...I regret that this has become such a cause celebre."" How TIRED are we of Clinton scandals? #UnfitToLead https://t.co/DNSFrPYR09"
2015-08-19 12:52:09 +0000,I’ll be on @AmericaNewsroom with @BillHemmer at 9:20am ET this morning. #14thamendment #immigrationreform @FoxNews
2015-08-19 10:57:53 +0000,Watch @FoxNews this morning at 9:20am ET. I’ll be on with @BillHemmer discussing #14thamendment #immigrationreform
2015-08-19 02:11:48 +0000,"Turbo charge economy by simplifying tax code.Implement tax rates of 10%, 15%, 25% on individual income. On @TheLastWord now."
2015-08-19 02:08:33 +0000,"""Stunning"" that @realDonaldTrump and Scott Walker would support repealing #14thamendment. On @TheLastWord now."
2015-08-19 01:11:11 +0000,@jfmkocsis Thanks!
2015-08-19 00:45:41 +0000,Watch @TheLastWord tonight at 10pm ET. I’ll discuss #immigrationreform with @Lawrence. http://t.co/58SOgaqLJL
2015-08-18 23:36:24 +0000,"Tomorrow Morning 9:20am ET @FoxNews on w/ Bill Hemmer. Host of America's Newsroom, 9am-11am ET Monday-Friday. Discussing #14thamendment"
2015-08-18 21:27:12 +0000,Tonight @TheLastWord discussing immigration issues &amp; my campaign for the GOP nomination.10pmET. @Lawrence on MSNBC.
2015-08-18 19:38:06 +0000,"Trump, Paul, Walker, others who support ending birthright citizenship are wrong! https://t.co/1ZDlnE5cEA"
2015-08-18 18:54:36 +0000,"Trump, Walker wrong on repeal of #14thamendment. Every person born in this country has a right to citizenship. #ImmigrationReform"
2015-08-18 18:32:01 +0000,"Illegal #immigration is national security issue that requires tough action, but repealing #14thamendment gives govt power it shouldn't have."
2015-08-18 17:55:15 +0000,"Repealing #14thamendment would set our nation back. It's a dangerous step that undermines American liberty, https://t.co/0z4c7NRkc4"
2015-08-18 17:47:03 +0000,Every person born in this country has a right to citizenship. #14thamendment
2015-08-17 16:19:20 +0000,"America needs a barrier to help us secure the border, but it's silly to ask Mexico pay for it. #immigrationreform"
2015-08-17 16:17:06 +0000,"How does Donald Trump deport the 12-20 million illegal aliens in this country? He doesn't say, because he doesn't know if it's even possible"
2015-08-14 15:35:55 +0000,Wasn't me. Good idea though. #icecream  https://t.co/kfqQgkxJcI
2015-08-13 21:01:00 +0000,We need to reject the #IranDeal and support our allies.
2015-08-13 19:51:00 +0000,"Americans are most concerned about the economy. See my plan for economic growth, http://t.co/CEekcQZA0V. #CutTaxes http://t.co/2BCDOqcN1b"
2015-08-12 19:58:47 +0000,"@AmeliaHammy Here you go, http://t.co/HTviBCwDRu. Thanks for your interest."
2015-08-12 18:49:09 +0000,@jfmkocsis I like it!
2015-08-12 18:47:02 +0000,"We've got some ground to make up, but we can do it. http://t.co/0v1xqDWX5H. @FoxNews"
2015-08-12 18:23:18 +0000,http://t.co/sxlYifiXZa
2015-08-12 00:39:35 +0000,"@PrevetteRyan Here it is, Ryan, https://t.co/JydYvJpdNl. Thanks for your interest."
2015-08-11 21:27:04 +0000,@16ElectionNews Understood. Thank you.
2015-08-11 21:25:21 +0000,"Let's #simplify our tax code! 3 brackets for all Americans: 10%, 15%, 25%. Cut business taxes to 15%. Eliminate death tax. RT if you agree."
2015-08-11 17:45:07 +0000,I announced my candidacy 13 days ago. Been in contact with @CNN and anticipate meeting the conditions to qualify for Reagan Library debate.
2015-08-11 02:09:25 +0000,@ObsoleteDogma The economic models were based on 2011 data. The site has been corrected to reflect that. Thank you for pointing this out.
2015-08-09 22:55:07 +0000,We need to reject #IranDeal. Stop drawing invisible lines in the desert. Support our traditional allies.
2015-08-09 22:52:24 +0000,"Specific proposals: cut taxes for all Americans, have three tax brackets, reduce business taxes to 15%, eliminate death tax. #Simplify"
2015-08-09 14:53:09 +0000,"Grow the economy. Simplify the tax code for all, http://t.co/CEekcQZA0V. #GrowthCode #RealIssues http://t.co/CKUmIkeK8u"
2015-08-08 19:06:55 +0000,"Let's discuss growing our economy and making our country safer. Start with lowering #taxes for individuals, businesses.#StopTheSideshow"
2015-08-08 18:03:16 +0000,.@megynkelly should be given the great respect due her profession and all women. Trump's comments are just plain wrong.
2015-08-08 13:47:36 +0000,".@DavidIRamadan So important to help families prepare for the school year. More 2015 state sales tax holidays, http://t.co/nduoXyJD5e."
2015-08-08 12:36:23 +0000,"We must simplify the tax code. I propose 15% rate on all business income, regardless of the type of entity. #GrowthCode #Taxes"
2015-08-08 02:27:52 +0000,".@larry_kudlow @Comm4Prosperity Larry, let's talk about #GrowthCode, http://t.co/CEekcQZA0V. 15% rate on all business income."
2015-08-08 00:01:42 +0000,@WillvonKaenel @benshapiro Nope. It was a gift from my wife.
2015-08-07 23:54:43 +0000,@TomDeVor @gingerdevor Thanks!
2015-08-07 23:52:03 +0000,@TomDeVor @gingerdevor Be happy to!
2015-08-07 23:31:54 +0000,.@FTR__Radio @JimDeMint Exactly. We need to do a better job of communicating this optimism.
2015-08-07 20:44:16 +0000,When our allies and adversaries see us cutting our military the world is less safe.End the defense #sequester. https://t.co/QSXYtv0FhF
2015-08-07 18:55:49 +0000,.@brianstelter Must have been the #warmup act. #GOPDebate
2015-08-07 18:32:28 +0000,My 5-point tax reform plan will create #jobs and increase pay for middle-class Americans http://t.co/CEekcQHYCl. #GrowthCode
2015-08-07 15:48:33 +0000,We need to end #sequester on defense budget.#GOPDebate.
2015-08-07 13:20:25 +0000,". @usatoday2016 I propose rates of 10%, 15%, 25% on individual income. 15% rate on business income, http://t.co/CEekcQHYCl."
2015-08-07 12:41:07 +0000,"@usatoday2016 Thanks. I propose rates of 10%, 15%, 25% on individual income. 15% rate on business income. More here, http://t.co/CEekcQZA0V"
2015-08-07 12:19:12 +0000,@DeepSouthProud Ha!
2015-08-07 12:18:37 +0000,@hillarysusans Great. Thank you!
2015-08-07 11:51:59 +0000,#IranDeal needs to be defeated.
2015-08-07 11:48:20 +0000,"Let's get the economy growing again. Let me know what you think of this 5 step plan, http://t.co/CEekcQZA0V #GrowthCode"
2015-08-07 11:41:53 +0000,I'll be on @jfradioshow shortly. Listen online at http://t.co/PogWGOCODP. #GOPDebate
2015-08-07 03:39:42 +0000,@bonniebeagle Thank you!
2015-08-07 03:06:08 +0000,Profits made abroad should not be taxed when brought home for reinvestment. #GrowthCode #GOPDebate
2015-08-07 03:05:26 +0000,"Help American companies compete on a level playing field against China, Japan, and the largest economies in Europe. #GrowthCode #GOPDebate"
2015-08-07 02:42:10 +0000,How to restore American prosperity in 5 steps. #GrowthCode #GOPDebate http://t.co/wyY924sngA
2015-08-07 02:20:09 +0000,Tax brackets should be lowered and dramatically simplified for ALL individuals. #GrowthCode #GOPDebate
2015-08-07 02:17:22 +0000,Small businesses should not be taxed as individuals. #SmallBusiness #SmallBiz #GrowthCode #GOPDebate
2015-08-07 02:15:21 +0000,"We need to simplify the tax code. 15% rate on all business income, regardless of the type of entity. #GrowthCode #Taxes #GOPDebate"
2015-08-06 22:40:01 +0000,In the Spin room #gopdebate http://t.co/8YLBo6bg5N
2015-08-06 22:32:09 +0000,@CFBFan365 Thank you.
2015-08-06 22:30:30 +0000,@TweeterLE2012 Thank you!
2015-08-06 22:29:16 +0000,Visit http://t.co/SoyWb2ygQP and join our team. Thanks for your support! #GOPDebate
2015-08-06 22:25:56 +0000,@Enlightened24 Thank you!
2015-08-06 22:25:45 +0000,"@IncorporatedTim Here it is, http://t.co/3QsIuB7grP. Thanks!"
2015-08-06 22:20:46 +0000,Direction of nation must change. Get economy growing again. http://t.co/CEekcQZA0V #GOPDebate
2015-08-06 22:16:02 +0000,@Ipaddlecanoe Thank you.
2015-08-06 22:01:04 +0000,http://t.co/3QsIuB7grP is the web site. Join our campaign today. http://t.co/emEXPA9j3Y
2015-08-06 21:56:48 +0000,#GOPDebate https://t.co/X4pHG9Bp73
2015-08-06 21:51:57 +0000,"5 steps to restoring American prosperity, http://t.co/CEekcQZA0V.  #GrowthCode #GOPDebate http://t.co/u1t662k9mC"
2015-08-06 21:48:52 +0000,"Read my plan for restoring American prosperity, http://t.co/CEekcQZA0V. #GrowthCode #GOPDebate"
2015-08-06 21:01:33 +0000,#gopdebate set and ready for my closeup http://t.co/KkRcKuYJ3d
2015-08-06 20:56:41 +0000,.@gopdebate all set to discuss the future of our great country #freedom http://t.co/HvGthdso6i
2015-08-06 20:38:46 +0000,Walk Thru completed. All set for #happyhourdebate in Cleveland on @foxnewsdebate
2015-08-06 20:23:59 +0000,.@foxnewsdebate at 5pmET is about to start. Looking forward to it. #happyhourdebate
2015-08-06 11:30:15 +0000,"5 steps to restoring American prosperity, http://t.co/CEekcQHYCl. #GrowthCode"
2015-08-05 20:53:20 +0000,Hope to discuss my plan for restoring American prosperity tomorrow  #foxnewsdebate http://t.co/CEekcQHYCl. #GrowthCode
2015-08-05 16:31:03 +0000,I'm really looking forward to tomorrow's debate on Fox. Please tune in at 5 EDT @foxnews
2015-08-04 17:55:48 +0000,Jim Gilmore In A Minute - http://t.co/yg1WGpZGdD #GoogleAlerts
2015-08-03 21:21:02 +0000,Going on @foxbusiness in a few minutes to talk 2016.
2015-08-03 19:11:55 +0000,Jim Gilmore:Long GOP primary 'an opportunity’ http://t.co/1a16Caj87Q
2015-08-02 15:15:41 +0000,About to be on CNN. You can also listen to CNN on your tunein app as well! http://t.co/intUntu3Bs  @CNNReliable
2015-08-02 14:58:52 +0000,looking forward to next appearance today on CNN w/ @brianstelter  https://t.co/1Tz9a94Z4z
2015-08-02 14:46:59 +0000,.@edrollins making common sense on @mariabartiromo Sunday Futures show.
2015-08-02 12:23:42 +0000,.@foxnews @mariabartiromo on today's Sunday Futures w/ Maria during 10amET hour....
2015-08-01 18:45:36 +0000,.@maddow I'm in! Would love to discuss on your show. #myfavoriteliberal http://t.co/HTviBCwDRu
2015-07-31 21:35:10 +0000,listen later tonight to @batchelorshow - talking national security and the future of America's role in the world....
2015-07-31 21:34:05 +0000,great to be on with @jerrydoyle  radio today. thanks for the opportunity...
2015-07-31 21:24:44 +0000,I want my...I want my.......@mtv - http://t.co/JYr038MEPY - good photos of past and present.
2015-07-31 21:12:09 +0000,NPR profile: http://t.co/d1aX44T4Fq
2015-07-31 21:08:43 +0000,.@abcnews brief bio/info to share  - http://t.co/5IlCs7bD4v - http://t.co/Iqihv7bxba
2015-07-31 20:55:44 +0000,. @teamcavuto - thanks for the time this afternoon. watch my take on the #hillaryemails  http://t.co/LDfUSFVGbc
2015-07-31 14:49:05 +0000,". @specialreport Gilmore on global hot spots,tax plan,state of the race
Reaction from 'Special Report' All-Star panel
http://t.co/uwluJVnTML"
2015-07-30 15:42:01 +0000,EXCLUSIVE - Former Virginia Governor Jim Gilmore: Why I'm Running for President - Breitbart http://t.co/jOfpEP0Rvl via @BreitbartNews
2015-07-29 20:01:09 +0000,Tom Brady was suspended 4 games for hiding evidence. Hillary should have to sit out first 4 primaries. #hillaryemails #DeflateGate
2015-07-28 18:58:03 +0000,On the radio tonight 6:45ET w/ @LarsLarsonShow - great #patriot is Mr. Larson.
2015-07-26 10:46:54 +0000,"It's hard to imagine a weaker national security team than Pres. Obama's. Even Pres. Carter's team wasn't this awful, &amp; that's saying a lot."
2015-07-25 12:14:44 +0000,Clinton economic plan is anti-growth and anti-business. It's exactly the opposite of what we need. http://t.co/y385sQSOOx
2015-07-24 19:49:01 +0000,.@teamcavuto lots of talk today about the economy/foreign policy..always a good policy discussion with Neil.  Tune in http://t.co/4JmW2XZgiY
2015-07-24 19:38:27 +0000,.@TeamCavuto    looking forward to the 4:30pmET appearance today.  TOPIC: #irandeal
2015-07-22 21:32:24 +0000,recent radio interview in NYC w/ Dr. Samadi on #politics &amp; #obamacare https://t.co/ixjOhldRUJ
2015-07-22 20:00:30 +0000,.@ksfo560 - enjoying my conservative radio away from home while in San Francisco today.
2015-07-20 14:53:35 +0000,Enjoyed another interview with Jimmy Barrett this morning. https://t.co/EmRjXNPUUo
2015-07-19 13:59:47 +0000,in the next 1/2 hour I'll be on World Health News with Dr. Samadi - AM 970 The Answer https://t.co/ApT4gHyPO7 via @sharethis
2015-07-18 01:13:02 +0000,Good conversation with #californiaconnection and Bob Lang And Maureen Ennor! http://t.co/PPOjeD0iwZ
2015-07-17 20:00:00 +0000,This Sunday at 10:20am ET I'll be on the radio in NYC - http://t.co/L0TWG32q2c -discussing Obamacare and other topics of the day...#drsamadi
2015-07-17 19:58:40 +0000,"7pm ET I'll be on LA Talk Radio w/ Bob Lang and Maureen Ennor on""California Connection"" 4:00 pm(pst) ""Get Connected"" http://t.co/cn20Ml4N5i"
2015-07-16 19:30:21 +0000,Great time this morning in NY and #CNN  https://t.co/g1IqUbNQd8
2015-07-16 19:28:43 +0000,"Time for a NATO for the Middle East to reign in terror and uncertainty in the world...
http://t.co/YD1WjTkQkV"
2015-07-16 14:18:42 +0000,"My take on Iran Deal: A NEW MIDDLE EAST NATO - American leadership w/ new NATO in Middle East, to check ambitions of Iran &amp; eliminate ISIS!"
2015-07-16 13:49:52 +0000,Looking forward to #CAVUTO this afternoon-should be on a little after Noon ET.  @teamcavuto talking about #IranDeal https://t.co/eg1e0hJNtF
2015-07-16 13:43:37 +0000,Great time on the show. Promoting my message of strong national defense by ending the sequester &amp; stronger economy! https://t.co/M7gHYLXW5c
2015-07-16 02:29:18 +0000,.@teamcavuto see you tomorrow at noon for Coast to Coast #foxbusiness
2015-07-16 01:29:46 +0000,.@newday on CNN looking forward to my 7am appearance tomorrow to discuss issues impacting working families and our military readiness.
2015-07-14 20:06:15 +0000,"http://t.co/Z1kQX1ses2
Recent Skype Interview @CBS6 - thanks for the chance to chat with my friends in #Richmond"
2015-07-14 19:35:13 +0000,5 Things You Should Know About Jim Gilmore http://t.co/H768UdYb5Y via @wabenews
2015-07-13 21:36:45 +0000,"#HillaryClinton wants a ""growth"" economy.ClintonObama economics caused slow growth &amp; wage stagnation. 8 more years of this?Don't be fooled."
2015-07-13 21:32:49 +0000,Obama-Clinton tax policy raised taxes on capital gains 75%.. #Hillarynomics..Less investment..Less growth..Low wages for working Americans.
2015-07-13 21:25:24 +0000,Obama-Clinton economic policy has caused low wages &amp; distress for middle class. Her speech is warmed over #Marxism #Hillary #timeforchange
2015-07-11 13:54:39 +0000,Just started speaking to the great people of @GOPHillsborough. #fitn #nhpolitics http://t.co/IJQLUJNWIK
2015-07-11 12:00:25 +0000,On my way to my first event today in #NH @ Merrimack Town Hall. Event starts @ 9:30am &amp; is a free public event so come on down. #fitn
2015-07-09 16:44:07 +0000,Looking forward to speaking @GOPHillsborough this Saturday at the Merrimack Town Hall. The public event starts at 9:30am. #fitn #nhpolitics
2015-07-02 14:32:03 +0000,Why are black churches in America falling victim to fire? http://t.co/DirthRTuy2
2015-06-20 12:26:45 +0000,"At Bike Week, Gilmore critiques Fox debate format | Concord Monitor http://t.co/1sXBCrdymR #fitn #nhpolitics"
2015-06-20 11:36:44 +0000,Here is my televised conversation w/ #NH voters on @WMUR9 that aired last night check it out online here http://t.co/DvwwrqDiLt #tcot #FITN
2015-06-19 23:03:41 +0000,Tune in now on @WMUR9 to watch my town hall with @JoshMcElveen and great NH voters! #NHpolitics #FITN http://t.co/G4ggQIZWBb
2015-06-19 22:12:58 +0000,I had a great time tonight discussing America's future with the great people of Pemi-Baker GOP. #NHpolitics #FITN http://t.co/TdRbzqVnM6
2015-06-19 20:28:51 +0000,Looking for my new mode of transportation in #NH. #bikeweeknh #nhpolitics #FITN http://t.co/cxRbdwd9PA
2015-06-19 20:10:09 +0000,Trying my chance at a raffle for a new @harleydavidson @BikeWeekNH #fitn http://t.co/8XJjtmHe9q
2015-06-19 18:03:46 +0000,Tune in tonight @WMUR9 at 7pm to watch me field questions from #NH voters &amp; my plan for our Country #NHpolitics #fitn http://t.co/HXa1ftQmVN
2015-06-19 17:04:24 +0000,"I had the honor of speaking at the NH VFW convention today, what a great group of Americans #fitn #VETERANS http://t.co/MB1LwxtIij"
2015-06-19 12:54:13 +0000,If you missed my interview this morning on @JackHeathRadio you can listen to it hear later today http://t.co/WhCH7G9Afz #fitn #NHpolitics
2015-06-18 23:23:53 +0000,"""The GOP motto needs to be better jobs with higher wages!"" #tcot #FITN # http://t.co/gvaBIffOS6"
2015-06-18 22:39:30 +0000,Great night for a BBQ and meeting the passionate voters of #NH.  #nhpolitics #FITN http://t.co/ipYL8IdsZl
2015-06-18 20:26:03 +0000,Just landed in #NH and I am looking forward to speaking at the @BedfordGOP Summer Social tonight at 6pm!  #nhpolitics #FITN
2015-06-14 16:40:40 +0000,4 Liberal Myths About Ronald Reagan Debunked http://t.co/jJnieDrkwe @DailySignal
2015-06-07 12:30:49 +0000,I'll be on @msnbc live in a few minutes http://t.co/zm3KZK6HKz
2015-06-07 12:25:02 +0000,Looking forward to this morning's appearance @msnbc with @SteveKornacki
2015-06-05 13:49:27 +0000,"Making some news:  Newsmax TV Jim Gilmore: I'm Still Eyeing 2016 Run But Not in a Hurry
http://t.co/baNY2A0BkC"
2015-05-19 23:03:55 +0000,CNN: Former RNC head: Stephanopoulos shouldn't cover 2016 http://t.co/oUIaLaZDN7
2015-05-17 02:42:12 +0000,Don't Miss CNN's Reliable Sources  @cnnreliable http://t.co/HTm3lYlYKq tomorrow May 17th at 11am. Discussing Stephanopolous Scandal.
2015-05-16 23:29:24 +0000,CNN: Is 'Clinton Cash' biased? (Interview part 1) http://t.co/X2fxVgt51i
2015-05-16 23:08:22 +0000,@CNNReliable Looking forward to the show tomorrow.
2015-04-29 15:09:57 +0000,Hilliary Clinton is disqualified from the candidacy. She cannot restore trust by the American people that the system is honest.
2015-04-24 18:19:29 +0000,Let me know if Hillary &amp; Bill should drop out of 2016 race...#dropoutnow http://t.co/NcFRgFyelH
2015-04-24 16:50:13 +0000,It's time to end the era of Clintonism as we know it....http://t.co/P7NM2Nemjp #DropOutHillary
2015-04-24 16:43:27 +0000,Considering a Bid (my credentials) http://t.co/56BxcTcSgu
2015-04-24 16:02:44 +0000,#HillaryMustDropOut http://t.co/P7NM2Nemjp #Hillary2016
2015-04-24 15:50:54 +0000,@SecretsBedard Hillary Must Drop Out http://t.co/P7NM2Nemjp
2015-04-24 15:50:28 +0000,@DRUDGE Hillary Must Drop Out http://t.co/P7NM2Nemjp
2015-04-22 21:36:19 +0000,.@SecretsBedard - watch @newsmax tomorrow when I'll be discussing current events. Appreciate all you do Paul.  I'll be on 11:22am ET w/ JD.
2015-04-22 21:33:12 +0000,On Tomorrow Morning 11:22am ET talking issues of the day...Newsmax is your source for breaking news.  Watch LiveTV: http://t.co/sg2R0UqOGB
2015-04-14 18:04:05 +0000,"#USA needs new #foreignpolicy to shape events. American power: diplomacy, economic power, military force &amp; the great power of our ideals."
2015-04-03 13:36:39 +0000,.@washtimes Reveal what's in the Iran Deal. My op-ed: http://t.co/PL60Bts69c
2015-04-02 23:41:34 +0000,". #Iran agreement requires complete Congressional review,  and complete transparency.  My op-ed in the # washingtontimes tomorrow."
2015-03-30 01:43:52 +0000,It's time to Rebuild American Foreign Policy http://t.co/lAbZQ88Ctu
2015-03-21 03:21:06 +0000,@GovernorGilmore who hacked you?
2015-03-21 03:15:40 +0000,@GovernorGilmore where can we access your calendar?
2015-03-20 19:43:07 +0000,GrowthPAC urging Americans to sign petition to Obama to stand up to enemies.. #contsitution #NationalPrayerBreakfast http://t.co/XiMdDXak7g
2015-03-20 19:31:14 +0000,My latest op-ed in @TheNatlInterest Rebuilding American Foreign Policy http://t.co/lAbZQ88Ctu
2015-03-01 22:21:04 +0000,@christianjosi looking forward to webinar. was in NH this weekend. here's proof. hope you are well. http://t.co/2FpSA24TH1
2015-03-01 22:18:01 +0000,http://t.co/2FpSA24TH1
2015-02-12 02:20:57 +0000,"@DwightNation  great summary of the remarks. Thanks, Dwight."
2015-02-08 02:59:47 +0000,"Tell the President to stand up to our enemies, not cower to them or make excuses for them! - See more at: http://t.co/6ISK3GKV1J"
2015-02-08 02:53:08 +0000,.@dwightnation Gilmore win's Montgo Co GOP MD Party Convention 2016 Presidential Straw Poll http://t.co/OXPIxScQId http://t.co/z4ecLmF9hk
2015-02-06 23:06:47 +0000,GrowthPAC urging Americans to sign petition to Obama to stand up to enemies.. #contsitution #NationalPrayerBreakfast http://t.co/XiMdDXak7g
2015-02-06 21:35:36 +0000,Critics Seize On Obama’s ISIS Remarks at Prayer Breakfast http://t.co/zeUDXQ7H17
2015-02-06 20:02:15 +0000,"Hope to see many friends in Bethesda tomorrow morning (bright and early!) 8:30am at Doubletree Hotel Wisconsin Ave
http://t.co/mrOMlF7RHs"
